{"loss":{"0":4.8071193695,"1":2.0082566738,"2":1.318675518,"3":1.2522078753,"4":0.7617048025},"binary_crossentropy":{"0":4.8071193695,"1":2.0082566738,"2":1.318675518,"3":1.2522078753,"4":0.7617048025},"accuracy":{"0":0.8310966492,"1":0.8882285357,"2":0.9089340568,"3":0.9137269855,"4":0.9248466492},"val_loss":{"0":1.4300892353,"1":1.3108075857,"2":5.0658965111,"3":1.1309760809,"4":0.8618631363},"val_binary_crossentropy":{"0":1.4300892353,"1":1.3108075857,"2":5.0658965111,"3":1.1309760809,"4":0.8618631363},"val_accuracy":{"0":0.8894230723,"1":0.8974359035,"2":0.7163461447,"3":0.9038461447,"4":0.9086538553}}